-169.0067210680595,431.9,0.0,0.0
-169.0067210680595,431.9,-0.1,0.04000000000000001
-169.04672106805947,432.0,-0.2,0.0
-169.04672106805947,432.20000000000005,-0.30000000000000004,0.04000000000000001
-169.08672106805943,432.5,-0.4,0.0
-169.08672106805943,432.9,-0.5,0.04000000000000001
-169.1267210680594,433.4,-0.6000000000000001,0.0
-169.1267210680594,434.0,-0.7000000000000002,0.04000000000000001
-169.16672106805936,434.70000000000005,-0.8000000000000003,0.0
-169.16672106805936,435.5,-0.9000000000000004,0.04000000000000001
-169.20672106805932,436.4,-1.0000000000000004,0.0
-169.20672106805932,437.4,-1.1000000000000005,0.04000000000000001
-169.2467210680593,438.5,-1.2000000000000004,0.0
-169.2467210680593,439.70000000000005,-1.3000000000000003,0.04000000000000001
-169.28672106805925,441.0,-1.4000000000000001,0.0
-169.28672106805925,442.4,-1.5,0.04000000000000001
-169.32672106805921,443.9,-1.5999999999999999,0.0
-169.32672106805921,445.5,-1.6999999999999997,0.04000000000000001
-169.36672106805918,447.20000000000005,-1.7999999999999996,0.0
-169.36672106805918,449.0,-1.8999999999999995,0.04000000000000001
-169.40672106805914,450.9,-1.9999999999999993,0.0
-169.40672106805914,452.9,-2.099999999999999,0.04000000000000001
-169.4467210680591,455.0,-2.1999999999999993,0.0
-169.4467210680591,457.20000000000005,-2.2999999999999994,0.04000000000000001
-169.48672106805907,459.5,-2.3999999999999995,0.0
-169.48672106805907,461.9,-2.4999999999999996,0.04000000000000001
-169.52672106805903,464.4,-2.5999999999999996,0.0
-169.52672106805903,467.0,-2.6999999999999997,0.04000000000000001
-169.566721068059,469.7,-2.8,0.0
-169.566721068059,472.5,-2.9,0.04000000000000001
-169.60672106805896,475.4,-3.0,0.0
-169.60672106805896,478.4,-3.1,0.04000000000000001
-169.64672106805892,481.5,-3.2,0.0
-169.64672106805892,484.7,-3.3000000000000003,0.04000000000000001
-169.6867210680589,488.0,-3.4000000000000004,0.0
-169.6867210680589,491.4,-3.5000000000000004,0.04000000000000001
-169.72672106805885,494.9,-3.6000000000000005,0.0
-169.72672106805885,498.5,-3.7000000000000006,0.04000000000000001
-169.7667210680588,502.2,-3.8000000000000007,0.0
-169.7667210680588,506.0,-3.7000000000000006,0.04000000000000001
-169.80672106805878,509.7,-3.6000000000000005,0.0
-169.80672106805878,513.3,-3.5000000000000004,0.04000000000000001
-169.84672106805874,516.8,-3.4000000000000004,0.0
-169.84672106805874,520.2,-3.3000000000000003,0.04000000000000001
-169.8867210680587,523.5,-3.2,0.0
-169.8867210680587,526.7,-3.1,0.04000000000000001
-169.92672106805867,529.8,-3.0,0.0
-169.92672106805867,532.8,-2.9,0.04000000000000001
-169.96672106805863,535.7,-2.8,0.0
-169.96672106805863,538.5,-2.6999999999999997,0.04000000000000001
-170.0067210680586,541.2,-2.5999999999999996,0.0
-170.0067210680586,543.8,-2.4999999999999996,0.04000000000000001
-170.04672106805856,546.3,-2.3999999999999995,0.0
-170.04672106805856,548.7,-2.2999999999999994,0.04000000000000001
-170.08672106805852,551.0,-2.1999999999999993,0.0
-170.08672106805852,553.2,-2.099999999999999,0.04000000000000001
-170.1267210680585,555.3,-1.9999999999999991,0.0
-170.1267210680585,557.3,-1.899999999999999,0.04000000000000001
-170.16672106805845,559.2,-1.799999999999999,0.0
-170.16672106805845,561.0,-1.6999999999999988,0.04000000000000001
-170.2067210680584,562.7,-1.5999999999999988,0.0
-170.2067210680584,564.3,-1.4999999999999987,0.04000000000000001
-170.24672106805838,565.8,-1.3999999999999986,0.0
-170.24672106805838,567.2,-1.2999999999999985,0.04000000000000001
-170.28672106805834,568.5,-1.1999999999999984,0.0
-170.28672106805834,569.7,-1.0999999999999983,0.04000000000000001
-170.3267210680583,570.8,-0.9999999999999983,0.0
-170.3267210680583,571.8,-0.8999999999999984,0.04000000000000001
-170.36672106805827,572.7,-0.7999999999999984,0.0
-170.36672106805827,573.5,-0.6999999999999984,0.04000000000000001
-170.40672106805823,574.2,-0.5999999999999984,0.0
-170.40672106805823,574.8,-0.49999999999999845,0.04000000000000001
-170.4467210680582,575.3,-0.39999999999999847,0.0
-170.4467210680582,575.7,-0.2999999999999985,0.04000000000000001
-170.48672106805816,576.0,-0.19999999999999848,0.0
-170.48672106805816,576.2,-0.09999999999999848,0.04000000000000001
-170.52672106805812,576.3,1.5265566588595902e-15,0.0
-170.52672106805812,576.3,0.10000000000000153,0.04000000000000001
-170.5667210680581,576.2,0.20000000000000154,0.0
-170.5667210680581,576.0,0.30000000000000154,0.04000000000000001
-170.60672106805805,575.7,0.4000000000000016,0.0
-170.60672106805805,575.3,0.5000000000000016,0.04000000000000001
-170.646721068058,574.8,0.6000000000000015,0.0
-170.646721068058,574.2,0.7000000000000015,0.04000000000000001
-170.68672106805798,573.5,0.8000000000000015,0.0
-170.68672106805798,572.7,0.9000000000000015,0.04000000000000001
-170.72672106805794,571.8,0.8467911113762059,-0.12855752193730785
-170.59816354612065,570.9532088886237,0.7935822227524103,-0.2171150438746157
-170.38104850224602,570.1596266658714,0.7403733341286147,-0.30567256581192354
-170.07537593643406,569.4192533317428,0.6871644455048191,-0.3942300877492314
-169.68114584868488,568.732088886238,0.6339555568810236,-0.4827876096865392
-169.19835823899837,568.0981333293569,0.580746668257228,-0.571345131623847
-168.62701310737452,567.5173866610996,0.5275377796334324,-0.6599026535611549
-167.96711045381335,566.9898488814663,0.47432889100963677,-0.7484601754984627
-167.21865027831484,566.5155199904566,0.4211200023858412,-0.8370176974357705
-166.3816325808791,566.0943999880708,0.3679111137620456,-0.9255752193730783
-165.45605736150605,565.7264888743088,0.31470222513825,-1.014132741310386
-164.44192462019566,565.4117866491705,0.26149333651445444,-1.1026902632476938
-163.33923435694794,565.150293312656,0.20828444789065886,-1.1912477851850016
-162.14798657176289,564.9420088647654,0.15507555926686328,-1.2798053071223094
-160.8681812646406,564.7869333054985,0.1018666706430677,-1.3683628290596173
-159.499818435581,564.6850666348555,0.048657782019272094,-1.456920350996925
-158.04289808458407,564.6364088528362,-0.004551106604523514,-1.5454778729342329
-156.4974202116498,564.6409599594407,-0.05775999522831912,-1.6340353948715407
-154.8633848167783,564.6987199546691,-0.11096888385211473,-1.7225929168088485
-153.14079189996949,564.8096888385212,-0.16417777247591034,-1.8111504387461563
-151.32964146122333,564.973866610997,-0.21738666109970595,-1.8997079606834641
-149.42993350053985,565.1912532720967,-0.2705955497235015,-1.988265482620772
-147.44166801791903,565.4618488218202,-0.3238044383472971,-2.0768230045580798
-145.364845013361,565.7856532601675,-0.3770133269710927,-2.1653805264953876
-143.19946448686562,566.1626665871386,-0.4302222155948883,-2.2539380484326954
-140.94552643843292,566.5928888027336,-0.4834311042186839,-2.342495570370003
-138.6030308680629,567.0763199069522,-0.5366399928424794,-2.431053092307311
-136.17197777575552,567.6129598997948,-0.589848881466275,-2.519610614244619
-133.65236716151094,568.202808781261,-0.6430577700900706,-2.6081681361819267
-131.04419902532902,568.845866551351,-0.6962666587138662,-2.6967256581192345
-128.34747336720977,569.5421332100649,-0.7494755473376618,-2.7852831800565423
-125.56219018715319,570.2916087574026,-0.8026844359614573,-2.87384070199385
-122.68834948515939,571.094293193364,-0.8558933245852529,-2.962398223931158
-119.72595126122826,571.9501865179493,-0.9091022132090485,-3.0509557458684657
-116.6749955153598,572.8592887311584,-0.9623111018328441,-3.1395132678057736
-113.535482247554,573.8215998329912,-1.0155199904566397,-3.2280707897430814
-110.30741145781087,574.8371198234479,-1.0687288790804352,-3.316628311680389
-106.99078314613052,575.9058487025283,-1.1219377677042308,-3.405185833617697
-103.58559731251285,577.0277864702325,-1.1751466563280264,-3.493743355555005
-100.09185395695783,578.2029331265605,-1.228355544951822,-3.5823008774923126
-96.50955307946549,579.4312886715123,-1.2815644335756176,-3.6708583994296204
-92.83869468003581,580.712853105088,-1.3347733221994131,-3.7594159213669283
-89.07927875866892,582.0476264272874,-1.3879822108232087,-3.847973443304236
-85.2313053153647,583.4356086381106,-1.2879822108232086,-3.807973443304236
-81.42333187206043,584.7235908489338,-1.1879822108232085,-3.767973443304236
-77.65535842875624,585.9115730597571,-1.0879822108232085,-3.727973443304236
-73.92738498545202,586.9995552705802,-0.9879822108232085,-3.687973443304236
-70.23941154214776,587.9875374814035,-0.8879822108232085,-3.647973443304236
-66.59143809884358,588.8755196922266,-0.7879822108232085,-3.607973443304236
-62.983464655539365,589.6635019030498,-0.6879822108232085,-3.567973443304236
-59.41549121223511,590.3514841138731,-0.5879822108232086,-3.527973443304236
-55.88751776893082,590.9394663246962,-0.4879822108232086,-3.4879734433042358
-52.39954432562661,591.4274485355195,-0.3879822108232086,-3.4479734433042357
-48.95157088232236,591.8154307463427,-0.28798221082320863,-3.4079734433042357
-45.54359743901807,592.1034129571659,-0.18798221082320862,-3.3679734433042356
-42.17562399571386,592.2913951679891,-0.08798221082320862,-3.3279734433042356
-38.84765055240962,592.3793773788124,0.012017789176791388,-3.2879734433042356
-35.55967710910534,592.3673595896355,0.1120177891767914,-3.2479734433042355
-32.31170366580113,592.2553418004588,0.2120177891767914,-3.2079734433042355
-29.103730222496893,592.043324011282,0.3120177891767914,-3.1679734433042355
-25.935756779192616,591.7313062221052,0.41201778917679144,-3.1279734433042354
-22.807783335888416,591.3192884329285,0.5120177891767914,-3.0879734433042354
-19.71980989258418,590.8072706437516,0.6120177891767914,-3.0479734433042354
-16.67183644927991,590.1952528545748,0.7120177891767914,-3.0079734433042353
-13.663863005975713,589.483235065398,0.8120177891767913,-2.9679734433042353
-10.695889562671482,588.6712172762213,0.9120177891767913,-2.9279734433042353
-7.767916119367214,587.7591994870445,1.0120177891767914,-2.887973443304235
-4.879942676063024,586.7471816978677,1.1120177891767915,-2.847973443304235
-2.0319692327587973,585.6351639086909,1.2120177891767916,-2.807973443304235
0.7760042105454659,584.4231461195141,1.3120177891767917,-2.767973443304235
3.5439776538496517,583.1111283303374,1.4120177891767918,-2.727973443304235
6.271951097153874,581.6991105411605,1.5120177891767919,-2.687973443304235
8.959924540458132,580.1870927519838,1.612017789176792,-2.647973443304235
11.607897983762314,578.575074962807,1.712017789176792,-2.607973443304235
14.215871427066531,576.8630571736302,1.8120177891767921,-2.567973443304235
16.783844870370785,575.0510393844534,1.9120177891767922,-2.527973443304235
19.311818313675076,573.1390215952766,2.012017789176792,-2.487973443304235
21.79979175697929,571.1270038060998,2.112017789176792,-2.447973443304235
24.24776520028354,569.0149860169231,2.2120177891767923,-2.407973443304235
26.655738643587824,566.8029682277463,2.3120177891767923,-2.3679734433042348
29.023712086892033,564.4909504385695,2.4120177891767924,-2.3279734433042347
31.351685530196278,562.0789326493928,2.5120177891767925,-2.2879734433042347
33.63965897350056,559.5669148602159,2.6120177891767926,-2.2479734433042347
35.88763241680476,556.9548970710391,2.7120177891767927,-2.2079734433042346
38.095605860109,554.2428792818623,2.812017789176793,-2.1679734433042346
40.26357930341328,551.4308614926855,2.912017789176793,-2.1279734433042345
42.39155274671748,548.5188437035088,3.012017789176793,-2.0879734433042345
44.479526190021716,545.5068259143319,2.912504979124828,-2.0619247380530594
46.54145092807482,542.5943209352071,2.812992169072863,-2.0358760328018843
48.57732696087669,539.7813287661343,2.7134793590208983,-2.0098273275507093
50.58715428842743,537.0678494071133,2.6139665489689334,-1.9837786222995342
52.570932910726924,534.4538828581444,2.5144537389169686,-1.957729917048359
54.52866282777529,531.9394291192274,2.4149409288650037,-1.931681211797184
56.46034403957253,529.5244881903624,2.315428118813039,-1.905632506546009
58.36597654611853,527.2090600715494,2.215915308761074,-1.8795838012948338
60.2455603474134,524.9931447627882,2.116402498709109,-1.8535350960436587
62.09909544345703,522.8767422640792,2.016889688657144,-1.8274863907924837
63.92658183424953,520.859852575422,1.9173768786051792,-1.8014376855413086
65.72801951979079,518.9424756968168,1.8178640685532144,-1.7753889802901335
67.50340850008092,517.1246116282637,1.7183512585012495,-1.7493402750389584
69.25274877511993,515.4062603697623,1.6188384484492846,-1.7232915697877833
70.97604034490769,513.7874219213131,1.5193256383973197,-1.6972428645366082
72.67328320944432,512.2680962829157,1.4198128283453548,-1.6711941592854331
74.34447736872971,510.8482834545704,1.32030001829339,-1.645145454034258
75.98962282276398,509.527983436277,1.220787208241425,-1.619096748783083
77.60871957154711,508.3071962280356,1.1212743981894602,-1.5930480435319079
79.201767615079,507.1859218298461,1.0217615881374953,-1.5669993382807328
80.76876695335977,506.1641602417086,0.9222487780855305,-1.5409506330295577
82.3097175863893,505.24191146362307,0.8227359680335656,-1.5149019277783826
83.8246195141677,504.4191754955895,0.7232231579816008,-1.4888532225272075
85.31347273669485,503.69595233760793,0.6237103479296359,-1.4628045172760324
86.77627725397087,503.0722419896783,0.524197537877671,-1.4367558120248574
88.21303306599577,502.5480444518006,0.4246847278257061,-1.4107071067736823
89.62374017276943,502.1233597239749,0.3251719177737412,-1.3846584015225072
91.00839857429196,501.79818780620116,0.22565910772177633,-1.358609696271332
92.36700827056325,501.5725286984794,0.12614629766981145,-1.332560991020157
93.6995692615834,501.44638240080957,0.02663348761784659,-1.306512285768982
95.00608154735244,501.4197489131917,-0.07287932243411827,-1.2804635805178068
96.28654512787023,501.49262823562583,-0.17239213248608312,-1.2544148752666318
97.54096000313689,501.6650203681119,-0.271904942538048,-1.2283661700154567
98.76932617315231,501.93692531065,-0.37141775259001286,-1.2023174647642816
99.9716436379166,502.30834306324,-0.47093056264197775,-1.1762687595131065
101.14791239742965,502.77927362588196,-0.5704433726939426,-1.1502200542619314
102.29813245169157,503.3497169985759,-0.6699561827459075,-1.1241713490107563
103.42230380070237,504.0196731813218,-0.7694689927978724,-1.0981226437595812
104.52042644446192,504.7891421741197,-0.8689818028498373,-1.0720739385084062
105.59250038297034,505.65812397696953,-0.9684946129018022,-1.046025233257231
106.63852561622753,506.6266185898713,-1.068007422953767,-1.019976528006056
107.65850214423358,507.6946260128251,-1.167520233005732,-0.993927822754881
108.6524299669885,508.86214624583084,-1.2670330430576966,-0.967879117503706
109.62030908449219,510.12917928888857,-1.3665458531096615,-0.9418304122525311
110.56213949674475,511.4957251419982,-1.4660586631616264,-0.9157817070013561
111.47792120374606,512.9617838051598,-1.5655714732135912,-0.8897330017501811
112.36765420549625,514.5273552783734,-1.6650842832655561,-0.8636842964990061
113.23133850199531,516.192439561639,-1.764597093317521,-0.8376355912478312
114.06897409324313,517.9570366549565,-1.864109903369486,-0.8115868859966562
114.88056097923982,519.8211465583261,-1.9636227134214508,-0.7855381807454812
115.66609915998527,521.7847692717475,-2.0631355234734157,-0.7594894754943062
116.42558863547958,523.8479047952209,-2.1626483335253806,-0.7334407702431313
117.15902940572266,526.0105531287463,-2.2621611435773454,-0.7073920649919563
117.86642147071461,528.2727142723236,-2.3616739536293103,-0.6813433597407813
118.54776483045544,530.634388225953,-2.461186763681275,-0.6552946544896063
119.20305948494502,533.0955749896342,-2.56069957373324,-0.6292459492384314
119.83230543418347,535.6562745633674,-2.660212383785205,-0.6031972439872564
120.43550267817068,538.3164869471527,-2.75972519383717,-0.5771485387360814
121.01265121690676,541.0762121409898,-2.8592380038891347,-0.5510998334849064
121.56375105039172,543.9354501448789,-2.7592380038891346,-0.5110998334849064
122.07485088387659,546.6946881487681,-2.6592380038891346,-0.47109983348490636
122.5459507173615,549.3539261526572,-2.5592380038891345,-0.4310998334849063
122.97705055084646,551.9131641565464,-2.4592380038891344,-0.3910998334849063
123.36815038433133,554.3724021604355,-2.3592380038891343,-0.35109983348490625
123.71925021781624,556.7316401643245,-2.259238003889134,-0.3110998334849062
124.03035005130118,558.9908781682137,-2.159238003889134,-0.2710998334849062
124.30144988478605,561.1501161721028,-2.059238003889134,-0.23109983348490618
124.53254971827096,563.209354175992,-1.959238003889134,-0.19109983348490617
124.7236495517559,565.1685921798811,-1.8592380038891339,-0.15109983348490616
124.87474938524076,567.0278301837702,-1.7592380038891338,-0.11109983348490615
124.98584921872566,568.7870681876593,-1.6592380038891337,-0.07109983348490614
125.0569490522106,570.4463061915485,-1.5592380038891336,-0.031099833484906136
125.08804888569546,572.0055441954376,-1.4592380038891335,0.008900166515093871
125.07914871918035,573.4647821993267,-1.3592380038891334,-0.031099833484906136
125.11024855266521,574.8240202032159,-1.2592380038891333,0.008900166515093871
125.10134838615011,576.083258207105,-1.1592380038891332,-0.031099833484906136
125.13244821963497,577.2424962109942,-1.0592380038891331,0.008900166515093871
125.12354805311986,578.3017342148833,-0.9592380038891332,-0.031099833484906136
125.15464788660472,579.2609722187724,-0.8592380038891332,0.008900166515093871
125.14574772008962,580.1202102226615,-0.7592380038891332,-0.031099833484906136
125.17684755357448,580.8794482265507,-0.6592380038891332,0.008900166515093871
125.16794738705937,581.5386862304398,-0.5592380038891333,-0.031099833484906136
125.19904722054423,582.097924234329,-0.4592380038891333,0.008900166515093871
125.19014705402913,582.5571622382181,-0.5210414027641228,0.08645721697358855
125.10368983705553,583.0782036409821,-0.5828448016391123,0.16401426743208322
124.93967556962343,583.6610484426212,-0.6446482005141019,0.2415713178905779
124.69810425173284,584.3056966431354,-0.7064515993890914,0.31912836834907254
124.37897588338376,585.0121482425245,-0.768254998264081,0.3966854188075672
123.98229046457618,585.7804032407885,-0.8300583971390705,0.4742424692660619
123.50804799531011,586.6104616379275,-0.89186179601406,0.5517995197245567
122.95624847558554,587.5023234339417,-0.9536651948890496,0.6293565701830512
122.32689190540248,588.4559886288307,-1.015468593764039,0.7069136206415458
121.61997828476092,589.4714572225946,-1.0772719926390286,0.7844706711000404
120.83550761366087,590.5487292152337,-1.1390753915140182,0.862027721558535
119.97347989210232,591.6878046067477,-1.2008787903890075,0.9395847720170296
119.03389512008528,592.8886833971368,-1.2626821892639968,1.0171418224755242
118.01675329760974,594.1513655864007,-1.324485588138986,1.0946988729340188
116.92205442467571,595.4758511745398,-1.3862889870139754,1.1722559233925134
115.74979850128318,596.8621401615537,-1.4480923858889647,1.249812973851008
114.49998552743216,598.3102325474428,-1.509895784763954,1.3273700243095026
113.17261550312264,599.8201283322067,-1.5716991836389433,1.4049270747679972
111.76768842835463,601.3918275158456,-1.6335025825139327,1.4824841252264918
110.28520430312813,603.0253300983595,-1.695305981388922,1.5600411756849863
108.72516312744312,604.7206360797485,-1.7571093802639113,1.637598226143481
107.08756490129963,606.4777454600123,-1.8189127791389006,1.7151552766019755
105.37240962469764,608.2966582391513,-1.88071617801389,1.7927123270604701
103.57969729763715,610.1773744171651,-1.9425195768888792,1.8702693775189647
101.70942792011817,612.119893994054,-2.0043229757638685,1.9478264279774593
99.7616014921407,614.1242169698178,-2.066126374638858,2.025383478435954
97.73621801370473,616.1903433444568,-2.127929773513847,2.102940528894449
95.63327748481026,618.3182731179706,-2.1897331723888365,2.1804975793529437
93.4527799054573,620.5080062903594,-2.251536571263826,2.2580546298114386
91.19472527564585,622.7595428616232,-2.313339970138815,2.3356116802699334
88.8591135953759,625.0728828317622,-2.3751433690138044,2.413168730728428
86.44594486464746,627.448026200776,-2.4369467678887937,2.490725781186923
83.95521908346052,629.8849729686647,-2.498750166763783,2.568282831645418
81.38693625181509,632.3837231354285,-2.5605535656387723,2.6458398821039126
78.74109636971116,634.9442767010673,-2.4605535656387723,2.6058398821039126
76.1352564876072,637.4048302667061,-2.360553565638772,2.5658398821039126
73.5694166055033,639.7653838323448,-2.260553565638772,2.5258398821039125
71.04357672339938,642.0259373979836,-2.160553565638772,2.4858398821039125
68.55773684129542,644.1864909636224,-2.060553565638772,2.4458398821039125
66.11189695919154,646.2470445292611,-1.9605535656387718,2.4058398821039124
63.70605707708762,648.2075980948998,-1.8605535656387717,2.3658398821039124
61.340217194983666,650.0681516605387,-1.7605535656387716,2.3258398821039123
59.01437731287979,651.8287052261774,-1.6605535656387715,2.2858398821039123
56.72853743077587,653.4892587918162,-1.5605535656387715,2.2458398821039123
54.48269754867192,655.049812357455,-1.4605535656387714,2.2058398821039122
52.27685766656805,656.5103659230938,-1.3605535656387713,2.165839882103912
50.11101778446414,657.8709194887325,-1.2605535656387712,2.125839882103912
47.98517790236019,659.1314730543713,-1.160553565638771,2.085839882103912
45.89933802025632,660.2920266200101,-1.060553565638771,2.045839882103912
43.85349813815242,661.3525801856488,-0.960553565638771,2.005839882103912
41.847658256048476,662.3131337512875,-0.8605535656387711,1.965839882103912
39.88181837394461,663.1736873169264,-0.7605535656387711,1.925839882103912
37.95597849184071,663.9342408825651,-0.6605535656387711,1.885839882103912
36.07013860973677,664.5947944482039,-0.5605535656387711,1.845839882103912
34.22429872763291,665.1553480138427,-0.46055356563877115,1.8058398821039119
32.41845884552902,665.6159015794815,-0.36055356563877117,1.7658398821039119
30.652618963425084,665.9764551451202,-0.2605535656387712,1.7258398821039118
28.92677908132123,666.237008710759,-0.16055356563877118,1.6858398821039118
27.240939199217337,666.3975622763978,-0.06055356563877118,1.6458398821039117
25.59509931711341,666.4581158420365,0.03944643436122883,1.6058398821039117
23.989259435009444,666.4186694076752,0.13944643436122883,1.5658398821039117
22.423419552905557,666.2792229733141,0.23944643436122884,1.5258398821039116
20.897579670801633,666.0397765389528,0.33944643436122884,1.4858398821039116
19.411739788697673,665.7003301045916,0.4394464343612289,1.4458398821039116
17.96589990659379,665.2608836702304,0.3424848837587873,1.4405695176372977
16.52533038895649,664.9183987864716,0.24552333315634564,1.4352991531706838
15.090031235785773,664.6728754533152,0.14856178255390404,1.43002878870407
13.660002447081752,664.5243136707613,0.05160023195146243,1.424758424237456
12.235244022844313,664.4727134388099,-0.04536131865097917,1.4194880597708421
10.815755963073457,664.5180747574609,-0.14232286925342078,1.4142176953042283
9.401538267769183,664.6603976267143,-0.23928441985586238,1.4089473308376144
7.992590936931606,664.8996820465701,-0.33624597045830396,1.4036769663710005
6.588913970560611,665.2359280170284,-0.43320752106074556,1.3984066019043866
5.190507368656199,665.6691355380892,-0.5301690716631872,1.3931362374377727
3.7973711312183696,666.1993046097523,-0.6271306222656288,1.3878658729711588
2.4095052582472363,666.826435232018,-0.7240921728680704,1.382595508504545
1.0269097497426856,667.550527404886,-0.821053723470512,1.377325144037931
-0.35041539429528257,668.3715811283566,-0.9180152740729536,1.3720547795713172
-1.7224701738665544,669.2895964024295,-1.0160688878212676,1.3598893997633303
-3.082359573629901,670.3056652902508,-1.1149732668949222,1.340795092416861
-4.423154666046798,671.4206385571458,-1.214486076946887,1.3147463871656861
-5.737901053212454,672.6351246340927,-1.314364242350706,1.2817262865061863
-7.0196273397186815,673.9494888764434,-1.414364242350706,1.2417262865061862
-8.261353626224832,675.3638531187942,-1.514242407754525,1.194746387165686
-9.456100013390483,676.8780955265486,-1.6137552178064896,1.140795092416861
-10.596895105807334,678.4918507443551,-1.7126595968801441,1.0798893997633303
-11.676784505570708,680.2045103412353,-1.810713210628458,1.0120547795713173
-12.68883928514208,682.0152235518638,-1.9076747612308995,0.9373251440379312
-13.626164429179994,683.9228983130947,-2.0033042813776607,0.8557428058743793
-14.481907235054337,685.9262025944723,-1.9033042813776606,0.8157428058743793
-15.297650040928715,687.82950687585,-1.8033042813776605,0.7757428058743793
-16.07339284680313,689.6328111572277,-1.7033042813776604,0.7357428058743792
-16.80913565267747,691.3361154386052,-1.6033042813776603,0.6957428058743792
-17.504878458551843,692.939419719983,-1.5033042813776603,0.6557428058743792
-18.160621264426254,694.4427240013606,-1.4033042813776602,0.6157428058743791
-18.776364070300588,695.8460282827383,-1.30330428137766,0.5757428058743791
-19.352106876174958,697.149332564116,-1.20330428137766,0.5357428058743791
-19.887849682049364,698.3526368454936,-1.10330428137766,0.495742805874379
-20.383592487923693,699.4559411268713,-1.0033042813776598,0.455742805874379
-20.839335293798058,700.459245408249,-0.9033042813776598,0.41574280587437895
-21.25507809967246,701.3625496896266,-0.8033042813776599,0.3757428058743789
-21.630820905546784,702.1658539710043,-0.7033042813776599,0.3357428058743789
-21.966563711421145,702.8691582523819,-0.6033042813776599,0.29574280587437884
-22.262306517295542,703.4724625337595,-0.5033042813776599,0.2557428058743788
-22.518049323169976,703.9757668151371,-0.40330428137765995,0.2157428058743788
-22.733792129044332,704.3790710965148,-0.30330428137765997,0.1757428058743788
-22.909534934918725,704.6823753778925,-0.20330428137765996,0.13574280587437879
-23.045277740793153,704.8856796592702,-0.10330428137765996,0.09574280587437878
-23.141020546667505,704.9889839406478,-0.003304281377659951,0.05574280587437877
-23.196763352541893,704.9922882220255,-0.07989379994944534,-0.07815150668279941
-23.11861184585905,705.0721820219749,-0.15648331852123074,-0.13204581923997757
-22.986566026619016,705.2286653404961,-0.23307283709301613,-0.18594013179715574
-22.800625894821906,705.4617381775892,-0.3096623556648015,-0.2398344443543339
-22.560791450467605,705.7714005332539,-0.3862518742365869,-0.29372875691151207
-22.267062693556113,706.1576524074906,-0.46284139280837233,-0.34762306946869026
-21.91943962408743,706.6204938002988,-0.5394309113801578,-0.4015173820258684
-21.51792224206156,707.1599247116791,-0.6160204299519432,-0.45541169458304653
-21.062510547478496,707.775945141631,-0.6926099485237286,-0.5093060071402247
-20.553204540338243,708.4685550901547,-0.769199467095514,-0.5632003196974028
-19.9900042206408,709.2377545572504,-0.8457889856672994,-0.6170946322545809
-19.372909588386165,710.0835435429176,-0.9223785042390849,-0.6709889448117591
-18.701920643574454,711.0059220471567,-0.9989680228108703,-0.7248832573689372
-17.977037386205552,712.0048900699676,-1.0755575413826557,-0.7787775699261154
-17.19825981627946,713.0804476113501,-1.1521470599544412,-0.8326718824832935
-16.365587933796178,714.2325946713046,-1.2287365785262265,-0.8865661950404716
-15.479021738755705,715.4613312498309,-1.3053260970980118,-0.9404605075976498
-14.538561231158042,716.7666573469288,-1.3819156156697971,-0.9943548201548279
-13.544206411003188,718.1485729625986,-1.4585051342415825,-1.048249132712006
-12.495957278291144,719.6070780968403,-1.5350946528133678,-1.102143445269184
-11.393813833021909,721.1421727496536,-1.611684171385153,-1.156037757826362
-10.237776075195598,722.7538569210387,-1.6882736899569384,-1.2099320703835401
-9.027844004812096,724.4421306109957,-1.7648632085287237,-1.2638263829407181
-7.764017621871403,726.2069938195244,-1.6648632085287236,-1.223826382940718
-6.5401912389306744,727.8718570280531,-1.5648632085287235,-1.183826382940718
-5.356364855989909,729.4367202365818,-1.4648632085287234,-1.143826382940718
-4.2125384730492215,730.9015834451105,-1.3648632085287233,-1.103826382940718
-3.1087120901084973,732.2664466536393,-1.2648632085287232,-1.063826382940718
-2.0448857071677367,733.531309862168,-1.1648632085287232,-1.023826382940718
-1.0210593242270534,734.6961730706968,-1.064863208528723,-0.9838263829407179
-0.0372329412863337,735.7610362792254,-0.9648632085287231,-0.9438263829407179
0.9065934416544223,736.7258994877542,-0.8648632085287231,-0.9038263829407178
1.810419824595101,737.5907626962829,-0.7648632085287231,-0.8638263829407178
2.674246207535816,738.3556259048116,-0.6648632085287232,-0.8238263829407177
3.4980725904765677,739.0204891133403,-0.5648632085287232,-0.7838263829407177
4.281898973417242,739.5853523218691,-0.4648632085287232,-0.7438263829407177
5.0257253563579525,740.0502155303977,-0.3648632085287232,-0.7038263829407176
5.729551739298699,740.4150787389265,-0.26486320852872325,-0.6638263829407176
6.393378122239369,740.6799419474553,-0.16486320852872324,-0.6238263829407176
7.017204505180075,740.844805155984,-0.06486320852872324,-0.5838263829407175
7.6010308881208175,740.9096683645126,0.03513679147127677,-0.5438263829407175
8.144857271061483,740.8745315730414,0.13513679147127677,-0.5038263829407175
8.648683654002184,740.7393947815701,0.23513679147127678,-0.46382638294071743
9.112510036942922,740.5042579900988,0.3351367914712768,-0.4238263829407174
9.536336419883582,740.1691211986275,0.4351367914712768,-0.38382638294071736
9.92016280282428,739.7339844071563,0.5351367914712768,-0.3438263829407173
10.263989185765013,739.198847615685,0.6351367914712768,-0.3038263829407173
10.567815568705782,738.5637108242138,0.7351367914712768,-0.26382638294071725
10.831641951646475,737.8285740327424,0.8351367914712767,-0.22382638294071724
11.055468334587204,736.9934372412712,0.9351367914712767,-0.18382638294071724
11.239294717527969,736.0583004497998,1.0351367914712768,-0.14382638294071723
11.383121100468657,735.0231636583286,1.1351367914712769,-0.10382638294071722
11.48694748340938,733.8880268668573,1.235136791471277,-0.06382638294071721
11.550773866350141,732.652890075386,1.335136791471277,-0.023826382940717206
11.574600249290825,731.3177532839147,1.4351367914712772,0.016173617059282802
11.558426632231544,729.8826164924435,1.5351367914712772,-0.023826382940717206
11.582253015172228,728.3474797009721,1.6351367914712773,0.016173617059282802
11.566079398112947,726.7123429095009,1.7351367914712774,-0.023826382940717206
11.58990578105363,724.9772061180297,1.8351367914712775,0.016173617059282802
11.57373216399435,723.1420693265584,1.9351367914712776,-0.023826382940717206
11.597558546935034,721.206932535087,2.0351367914712775,0.016173617059282802
11.581384929875753,719.1717957436158,2.1351367914712776,-0.023826382940717206
11.605211312816436,717.0366589521445,2.2351367914712776,0.016173617059282802
11.589037695757156,714.8015221606732,2.3351367914712777,-0.023826382940717206
11.61286407869784,712.466385369202,2.435136791471278,0.016173617059282802
11.596690461638559,710.0312485777307,2.535136791471278,-0.023826382940717206
11.620516844579242,707.4961117862595,2.635136791471278,0.016173617059282802
11.604343227519962,704.8609749947882,2.735136791471278,-0.023826382940717206
11.628169610460645,702.1258382033168,2.835136791471278,0.016173617059282802
11.611995993401365,699.2907014118456,2.9351367914712783,-0.023826382940717206
11.635822376342048,696.3555646203743,3.0351367914712784,0.016173617059282802
11.619648759282768,693.320427828903,3.1351367914712784,-0.023826382940717206
11.643475142223451,690.1852910374317,3.2351367914712785,0.016173617059282802
11.627301525164171,686.9501542459604,3.3351367914712786,-0.023826382940717206
11.651127908104854,683.6150174544891,3.4351367914712787,0.016173617059282802
11.634954291045574,680.1798806630179,3.535136791471279,-0.023826382940717206
11.658780673986257,676.6447438715466,3.635136791471279,0.016173617059282802
11.642607056926977,673.0096070800753,3.735136791471279,-0.023826382940717206
11.66643343986766,669.2744702886041,3.835136791471279,0.016173617059282802
11.65025982280838,665.4393334971328,3.739507271324518,-0.06540872110426907
11.71566854391267,661.6998262258082,3.643877751177757,-0.06699105926782092
11.782659603180491,658.0559484746306,3.548248231030996,-0.06857339743137278
11.851233000611842,654.5077002435996,3.452618710884235,-0.07015573559492463
11.921388736206723,651.0550815327153,3.3569891907374743,-0.07173807375847649
11.993126809965247,647.6980923419778,3.2613596705907133,-0.07332041192202834
12.066447221887302,644.4367326713872,3.1657301504439523,-0.0749027500855802
12.141349971972886,641.2710025209433,3.0701006302971914,-0.07648508824913205
12.217835060222,638.200901890646,2.9744711101504304,-0.07806742641268391
12.295902486634645,635.2264307804955,2.8788415900036695,-0.07964976457623577
12.375552251210934,632.3475891904919,2.7832120698569085,-0.08123210273978762
12.456784353950752,629.5643771206351,2.6875825497101475,-0.08281444090333948
12.5395987948541,626.8767945709249,2.5919530295633866,-0.08439677906689133
12.623995573920979,624.2848415413614,2.4963235094166256,-0.08597911723044319
12.709974691151388,621.7885180319448,2.4006939892698647,-0.08756145539399504
12.797536146545326,619.387824042675,2.3050644691231037,-0.0891437935575469
12.886679940102908,617.0827595735518,2.2094349489763427,-0.09072613172109875
12.97740607182402,614.8733246245754,2.113805428829582,-0.0923084698846506
13.069714541708663,612.7595191957458,2.018175908682821,-0.09389080804820246
13.163605349756835,610.741343287063,1.9225463885360599,-0.09547314621175432
13.259078495968538,608.818796898527,1.826916868389299,-0.09705548437530617
13.356133980343884,606.9918800301377,1.731287348242538,-0.09863782253885803
13.45477180288276,605.2605926818952,1.635657828095777,-0.10022016070240988
13.554991963585167,603.6249348537995,1.540028307949016,-0.10180249886596174
13.656794462451103,602.0849065458505,1.444398787802255,-0.1033848370295136
13.76017929948057,600.6405077580482,1.348769267655494,-0.10496717519306545
13.86514647467368,599.2917384903927,1.2531397475087331,-0.1065495133566173
13.97169598803032,598.038598742884,1.1575102273619722,-0.10813185152016916
14.07982783955049,596.881088515522,1.0618807072152112,-0.10971418968372101
14.18954202923419,595.8192078083068,0.9662511870684501,-0.11129652784727287
14.30083855708142,594.8529566212384,0.870621666921689,-0.11287886601082472
14.413717423092294,593.9823349543167,0.7749921467749278,-0.11446120417437658
14.528178627266698,593.2073428075417,0.6793626266281666,-0.11604354233792843
14.644222169604632,592.5279801809136,0.5837331064814054,-0.11762588050148029
14.761848050106096,591.9442470744322,0.48810358633464423,-0.11920821866503215
14.88105626877109,591.4561434880975,0.39247406618788305,-0.120790556828584
15.001846825599728,591.0636694219096,0.29684454604112187,-0.12237289499213586
15.124219720591896,590.7668248758685,0.2012150258943607,-0.12395523315568771
15.248174953747593,590.5656098499741,0.1055855057475995,-0.12553757131923957
15.373712525066821,590.4600243442264,0.009955985600838352,-0.12711990948279142
15.50083243454958,590.4500683586257,-0.0856735345459228,-0.12870224764634328
15.629534682195867,590.5357418931716,-0.18130305469268396,-0.13028458580989513
15.7598192680058,590.7170449478642,-0.2769325748394451,-0.131866923973447
15.891686191979261,590.9939775227037,-0.3725620949862063,-0.13344926213699884
16.025135454116253,591.36653961769,-0.4681916151329675,-0.1350316003005507
16.160167054416775,591.834731232823,-0.5638211352797287,-0.13661393846410255
16.296780992880826,592.3985523681026,-0.6594506554264898,-0.1381962766276544
16.434977269508522,593.0580030235292,-0.755080175573251,-0.13977861479120626
16.574755884299748,593.8130831991025,-0.8507096957200122,-0.14136095295475812
16.716116837254503,594.6637928948224,-0.9463392158667734,-0.14294329111830997
16.85906012837279,595.6101321106892,-1.0419687360135346,-0.14452562928186183
17.003585757654605,596.6521008467028,-1.1375982561602958,-0.14610796744541368
17.149693725100065,597.7896991028631,-1.2332277763070567,-0.14769030560896554
17.297384030709054,599.0229268791701,-1.3288572964538177,-0.1492726437725174
17.446656674481574,600.3517841756238,-1.4244868166005786,-0.15085498193606925
17.597511656417623,601.7762709922245,-1.5201163367473396,-0.1524373200996211
17.749948976517203,603.2963873289718,-1.6157458568941006,-0.15401965826317296
17.903968634780426,604.9121331858659,-1.7113753770408615,-0.15560199642672481
18.05957063120718,606.6235085629066,-1.8070048971876225,-0.15718433459027667
18.216754965797463,608.4305134600943,-1.9026344173343834,-0.15876667275382852
18.375521638551277,610.3331478774287,-1.9982639374811444,-0.16034901091738038
18.53587064946862,612.3314118149099,-2.0938934576279054,-0.16193134908093224
18.697801998549608,614.4253052725378,-2.1895229777746663,-0.1635136872444841
18.861315685794125,616.6148282503125,-2.2851524979214273,-0.16509602540803595
19.026411711202172,618.8999807482339,-2.3807820180681882,-0.1666783635715878
19.19309007477375,621.2807627663021,-2.476411538214949,-0.16826070173513966
19.361350776508857,623.7571743045171,-2.57204105836171,-0.1698430398986915
19.531193816407495,626.3292153628788,-2.667670578508471,-0.17142537806224337
19.702619194469776,628.9968859413873,-2.763300098655232,-0.17300771622579522
19.875626910695587,631.7601860400425,-2.663300098655232,-0.13300771622579521
20.008634626921435,634.4234861386977,-2.563300098655232,-0.0930077162257952
20.101642343147205,636.986786237353,-2.463300098655232,-0.0530077162257952
20.15465005937301,639.4500863360082,-2.3633000986552317,-0.01300771622579519
20.167657775598855,641.8133864346635,-2.2633000986552316,0.026992283774204817
20.14066549182462,644.0766865333187,-2.1633000986552315,-0.01300771622579519
20.153673208050463,646.2399866319739,-2.0633000986552315,0.026992283774204817
20.12668092427623,648.3032867306292,-1.9633000986552314,-0.01300771622579519
20.139688640502072,650.2665868292844,-1.8633000986552313,0.026992283774204817
20.112696356727838,652.1298869279397,-1.7633000986552312,-0.01300771622579519
20.12570407295368,653.8931870265949,-1.663300098655231,0.026992283774204817
20.098711789179447,655.5564871252501,-1.563300098655231,-0.01300771622579519
20.11171950540529,657.1197872239054,-1.463300098655231,0.026992283774204817
20.084727221631056,658.5830873225606,-1.3633000986552308,-0.01300771622579519
20.0977349378569,659.9463874212158,-1.2633000986552307,0.026992283774204817
20.070742654082665,661.2096875198711,-1.1633000986552307,-0.01300771622579519
20.083750370308508,662.3729876185263,-1.0633000986552306,0.026992283774204817
20.056758086534273,663.4362877171816,-0.9633000986552306,-0.01300771622579519
20.069765802760116,664.3995878158368,-0.8633000986552306,0.026992283774204817
20.042773518985882,665.262887914492,-0.7633000986552306,-0.01300771622579519
20.055781235211725,666.0261880131472,-0.6633000986552307,0.026992283774204817
20.02878895143749,666.6894881118025,-0.5633000986552307,-0.01300771622579519
20.041796667663334,667.2527882104578,-0.4633000986552307,0.026992283774204817
20.0148043838891,667.7160883091129,-0.3633000986552307,-0.01300771622579519
20.027812100114943,668.0793884077682,-0.26330009865523074,0.026992283774204817
20.00081981634071,668.3426885064234,-0.16330009865523074,-0.01300771622579519
20.013827532566552,668.5059886050786,-0.06330009865523073,0.026992283774204817
19.986835248792318,668.569288703734,0.036699901344769276,-0.01300771622579519
19.99984296501816,668.5325888023891,0.13669990134476928,0.026992283774204817
19.972850681243926,668.3958889010444,0.2366999013447693,-0.01300771622579519
19.98585839746977,668.1591889996996,0.3366999013447693,0.026992283774204817
19.958866113695535,667.8224890983548,0.4366999013447693,-0.01300771622579519
19.97187382992138,667.3857891970101,0.5366999013447693,0.026992283774204817
19.944881546147144,666.8490892956653,0.6366999013447693,-0.01300771622579519
19.957889262372987,666.2123893943206,0.7366999013447693,0.026992283774204817
19.930896978598753,665.4756894929758,0.8366999013447692,-0.01300771622579519
19.943904694824596,664.638989591631,0.9366999013447692,0.026992283774204817
19.91691241105036,663.7022896902863,1.0366999013447693,-0.01300771622579519
19.929920127276205,662.6655897889415,1.1366999013447694,0.026992283774204817
19.90292784350197,661.5288898875967,1.2366999013447695,-0.01300771622579519
19.915935559727814,660.292189986252,1.3366999013447696,0.026992283774204817
19.88894327595358,658.9554900849072,1.4366999013447697,-0.01300771622579519
19.901950992179422,657.5187901835625,1.5366999013447697,0.026992283774204817
19.874958708405188,655.9820902822177,1.6366999013447698,-0.01300771622579519
19.88796642463103,654.3453903808729,1.73669990134477,0.026992283774204817
19.860974140856797,652.6086904795281,1.83669990134477,-0.01300771622579519
19.87398185708264,650.7719905781832,1.93669990134477,0.026992283774204817
19.846989573308406,648.8352906768386,2.03669990134477,-0.01300771622579519
19.85999728953425,646.7985907754937,2.13669990134477,0.026992283774204817
19.833005005760015,644.661890874149,2.23669990134477,-0.01300771622579519
19.846012721985858,642.4251909728042,2.3366999013447702,0.026992283774204817
19.819020438211624,640.0884910714594,2.4366999013447703,-0.01300771622579519
19.832028154437467,637.6517911701146,2.5366999013447704,0.026992283774204817
19.805035870663232,635.1150912687699,2.6366999013447705,-0.01300771622579519
19.818043586889075,632.478391367425,2.7366999013447706,0.026992283774204817
19.79105130311484,629.7416914660803,2.8366999013447707,-0.01300771622579519
19.804059019340684,626.9049915647356,2.9366999013447708,0.026992283774204817
19.77706673556645,623.9682916633908,3.036699901344771,-0.01300771622579519
19.790074451792293,620.9315917620461,3.136699901344771,0.026992283774204817
19.76308216801806,617.7948918607012,3.236699901344771,-0.01300771622579519
19.776089884243902,614.5581919593565,3.336699901344771,0.026992283774204817
19.749097600469668,611.2214920580117,3.436699901344771,-0.01300771622579519
19.76210531669551,607.784792156667,3.5366999013447713,0.026992283774204817
19.735113032921276,604.2480922553221,3.6366999013447714,-0.01300771622579519
19.74812074914712,600.6113923539774,3.7366999013447715,0.026992283774204817
19.721128465372885,596.8746924526326,3.8366999013447716,-0.01300771622579519
19.73413618159873,593.0379925512877,3.9366999013447717,0.026992283774204817
19.707143897824494,589.101292649943,4.036699901344772,-0.01300771622579519
19.720151614050337,585.0645927485982,3.9397383507423296,-0.007737351759181249
19.727888965809484,581.1248543978559,3.8427768001398874,-0.0024669872925673075
19.73035595310205,577.282077597716,3.7458152495374457,0.002803377174046634
19.72755257592803,573.5362623481785,3.648853698935004,-0.07192625835933944
19.799478834287356,569.8874086492435,3.748853698935004,-0.03192625835933943
19.83140509264672,566.1385549503086,3.848853698935004,0.008073741640660576
19.823331351006004,562.2897012513736,3.9488536989350043,-0.03192625835933943
19.855257609365367,558.3408475524386,4.048853698935004,0.008073741640660576
19.847183867724652,554.2919938535035,4.148853698935004,-0.03192625835933943
19.879110126084015,550.1431401545685,4.248853698935004,0.008073741640660576
19.8710363844433,545.8942864556336,4.348853698935003,-0.03192625835933943
19.902962642802663,541.5454327566986,4.448853698935003,0.008073741640660576
19.89488890116195,537.0965790577636,4.548853698935003,-0.03192625835933943
19.92681515952131,532.5477253588285,4.648853698935002,0.008073741640660576
19.918741417880597,527.8988716598935,4.748853698935002,-0.03192625835933943
19.95066767623996,523.1500179609586,4.8488536989350015,0.008073741640660576
19.942593934599245,518.3011642620236,4.948853698935001,-0.03192625835933943
19.974520192958607,513.3523105630886,5.048853698935001,0.008073741640660576
19.966446451317893,508.3034568641536,5.1488536989350004,-0.03192625835933943
19.998372709677255,503.1546031652186,5.248853698935,0.008073741640660576
19.99029896803654,497.90574946628357,5.348853698935,-0.03192625835933943
20.022225226395904,492.5568957673486,5.448853698934999,0.008073741640660576
20.01415148475519,487.10804206841357,5.548853698934999,-0.03192625835933943
20.04607774311455,481.5591883694786,5.648853698934999,0.008073741640660576
20.038004001473837,475.9103346705436,5.748853698934998,-0.03192625835933943
20.0699302598332,470.16148097160857,5.848853698934998,0.008073741640660576
20.061856518192485,464.3126272726736,5.948853698934998,-0.03192625835933943
20.093782776551848,458.3637735737386,6.048853698934997,0.008073741640660576
20.085709034911133,452.31491987480365,6.148853698934997,-0.03192625835933943
20.117635293270496,446.16606617586865,6.2488536989349965,0.008073741640660576
20.10956155162978,439.9172124769336,6.348853698934996,-0.03192625835933943
20.141487809989144,433.5683587779986,6.448853698934996,0.008073741640660576
20.13341406834843,427.11950507906363,6.5488536989349955,-0.03192625835933943
20.165340326707792,420.57065138012865,6.648853698934995,0.008073741640660576
20.157266585067077,413.92179768119365,6.748853698934995,-0.03192625835933943
20.18919284342644,407.17294398225863,6.848853698934994,0.008073741640660576
20.181119101785725,400.3240902833236,6.948853698934994,-0.03192625835933943
20.213045360145088,393.37523658438863,7.048853698934994,0.008073741640660576
20.204971618504374,386.32638288545365,7.148853698934993,-0.03192625835933943
20.236897876863736,379.17752918651865,7.248853698934993,0.008073741640660576
20.22882413522302,371.92867548758363,7.348853698934993,-0.03192625835933943
20.260750393582384,364.5798217886486,7.448853698934992,0.008073741640660576
20.25267665194167,357.13096808971363,7.548853698934992,-0.03192625835933943
20.284602910301032,349.58211439077866,7.449949319861337,0.02897943429419126
20.255623476006804,342.13216507091727,7.3510449407876814,0.009885126947721937
20.24573834905914,334.7811201301296,7.252140561714026,-0.009209180398747387
20.254947529457922,327.5289795684156,7.153236182640371,0.051696512254783306
20.203251017203115,320.3757433857752,7.054331803566716,0.03260220490831398
20.170648812294758,313.3214115822085,6.9554274244930605,0.013507897561844659
20.157140914732963,306.3659841577154,6.856523045419405,-0.005586409784624664
20.16272732451762,299.509461112296,6.75761866634575,0.05531928286890603
20.107408041648682,292.7518424459503,6.85761866634575,0.01531928286890602
20.092088758779823,285.89422377960454,6.957618666345749,-0.024680717131093988
20.116769475910928,278.9366051132588,7.057618666345749,0.01531928286890602
20.10145019304207,271.878986446913,7.157618666345749,-0.024680717131093988
20.126130910173174,264.7213677805672,7.257618666345748,0.01531928286890602
20.110811627304315,257.4637491142215,7.357618666345748,-0.024680717131093988
20.13549234443542,250.10613044787578,7.4576186663457475,0.01531928286890602
20.12017306156656,242.64851178153003,7.557618666345747,-0.024680717131093988
20.144853778697666,235.09089311518426,7.657618666345747,0.01531928286890602
20.129534495828807,227.43327444883846,7.7576186663457465,-0.024680717131093988
20.15421521295991,219.67565578249275,7.857618666345746,0.01531928286890602
20.138895930091053,211.81803711614702,7.957618666345746,-0.024680717131093988
20.163576647222158,203.86041844980127,7.957618666345746,-0.024680717131093988
20.188257364353262,195.90279978345552,7.957618666345746,-0.024680717131093988
20.212938081484367,187.94518111710977,7.957618666345746,-0.024680717131093988
20.237618798615472,179.98756245076402,7.957618666345746,-0.024680717131093988
20.262299515746577,172.02994378441826,7.957618666345746,-0.024680717131093988
20.28698023287768,164.0723251180725,7.957618666345746,-0.024680717131093988
20.311660950008786,156.11470645172676,7.957618666345746,-0.024680717131093988
20.33634166713989,148.157087785381,7.957618666345746,-0.024680717131093988
20.361022384270996,140.19946911903526,7.957618666345746,-0.024680717131093988
20.3857031014021,132.2418504526895,7.957618666345746,-0.024680717131093988
20.410383818533205,124.28423178634375,7.957618666345746,-0.024680717131093988
20.43506453566431,116.326613119998,7.957618666345746,-0.024680717131093988
20.459745252795415,108.36899445365225,7.957618666345746,-0.024680717131093988
20.48442596992652,100.4113757873065,7.957618666345746,-0.024680717131093988
20.509106687057624,92.45375712096074,7.957618666345746,-0.024680717131093988
20.53378740418873,84.496138454615,7.957618666345746,-0.024680717131093988
20.558468121319834,76.53851978826924,7.957618666345746,-0.024680717131093988
20.58314883845094,68.58090112192349,7.957618666345746,-0.024680717131093988
