input1,input2,output1,output2
0.6162412837980873,0.9096724836710991,,
0.6439116590658968,0.7343264548299634,,
0.624503063644581,0.7857765622023097,,
0.5161756766409169,0.9570079703519282,,
0.628875392195079,0.7762260796346363,,
0.003784732929734913,0.6095516343274449,,
0.4990489479214199,0.9464190877136093,,
0.616060260829119,0.9676677933772638,,
0.6450279588019924,0.8591913862011201,,
0.014683035250047216,0.7399854403175268,,
0.6230843788342089,0.886386901148036,,
0.999677765866622,0.7652465989655001,,
0.8167682145788824,0.6621857378278008,,
0.6437047624692787,0.8019943773136043,,
0.4892813664934298,0.7781169430630938,,
0.6417819314660427,0.8220678462282038,,
0.0008110141992289099,0.7547187084663148,,
0.6864734392290882,0.8880104935955184,,
0.5311552135728924,0.9661458850031602,,
0.0017571974316626937,0.7373165079804052,,
0.9942857317393701,0.7705003649339446,,
0.8850917169479624,0.8242673357746441,,
0.0006758451660241471,0.7551649187351843,,
0.5277950640803173,0.9640904685417503,,
0.5074702260509558,0.951748140411412,,
0.8109448231934214,0.6645935456255967,,
0.5252299315669825,0.921050289568362,,
0.0012165212988434204,0.7498103955087507,,
0.6116084831021252,0.9974553807122605,,
0.6444225603058494,0.6615385673073291,,
0.16233250609000377,0.7474221192890353,,
0.616137842101534,0.9463823427970063,,
0.005541930361397607,0.5412814631904148,,
0.004730916162168808,0.558237453407455,,
0.6449367457794485,0.8622602718403848,,
0.614904260747321,0.9927842327279709,,
0.9983072005803738,0.7670723322405874,,
0.004595747128963823,0.5658230279782361,,
0.6126351810632317,0.9965106988506228,,
0.8844620769459057,0.6443533399009901,,
0.6448788955532061,0.5523135844357301,,
0.6450853232023366,0.36401909658578974,,
0.1526211493581659,0.7462282324957431,,
0.6379515132833953,0.8002671217649192,,
0.0005406761328192733,0.7550161819788946,,
0.0020275354980723304,0.7239301999143208,,
0.0020275354980723304,0.7269049350401174,,
0.7741559612705082,0.68214864705342,,
0.6272105954484325,0.7777076749380122,,
0.002973718730506003,0.6666665487427379,,
0.19326211147901146,0.751478626718894,,
0.6452282281931192,0.17753855823354553,,
0.0004055070996146215,0.7536775511722861,,
0.3395693119495756,0.7725485828751815,,
0.8169964352535545,0.8529235460620267,,
0.9894426350407555,0.7111309381981747,,
0.6343831019224666,0.7854359733714043,,
0.6445553886831661,0.8923091152913447,,
0.9997448712632868,0.7581422332759453,,
0.6452285907119405,0.48308855917996607,,
0.616321798526759,0.9044144358770566,,
0.9791665587754887,0.7798383883312745,,
0.844564804641797,0.6523668807252828,,
0.6443696616368568,0.8912925002957865,,
0.6423505223755407,0.8257511804225318,,
0.7251150193751988,0.8816693676441214,,
0.6444641756606221,0.8924032658048129,,
0.5134745712633159,0.9329738034762468,,
0.5981184848782535,0.7631953806226085,,
0.6162671442222256,0.8990076513267239,,
0.6448514854407491,0.3023789777117118,,
0.6306257421896334,0.77702026427241,,
0.042861502250469585,0.7378168715959856,,
0.002297873564481967,0.7105438918482365,,
0.6160631942853757,0.9813154080628416,,
0.6689774311042996,0.8891731103613042,,
0.021237746493684928,0.7389701433792448,,
0.5177712082851677,0.9286506081819627,,
0.27590514601540955,0.7637137518467884,,
0.7545732001310999,0.6929243614651476,,
0.09302081647160348,0.7400869778426096,,
0.6284511723914261,0.7763831240909979,,
0.5734737556829628,0.9907582486477574,,
0.5340456922588408,0.9124023131507645,,
0.6182109695491707,0.8472343123214787,,
0.44564916153916345,0.7790808630800299,,
0.6446971597188139,0.8886207403284501,,
0.005406761328192733,0.5426200939970233,,
0.9823416279066794,0.7780522401714772,,
0.6450585547062271,0.3434756494764845,,
0.9949994317450422,0.7260595750564796,,
0.5137261324137917,0.9555221377184265,,
0.0018923664648675675,0.7297309334096242,,
0.9877155132816715,0.7070269370928736,,
0.6446643694276768,0.6142505086332928,,
0.6444608746594008,0.891793296807478,,
0.8979711505091167,0.6437904621669885,,
0.6161149151336524,0.970694789826959,,
0.8927221934788514,0.8209184733118671,,
0.6439922621065058,0.72243092426882,,
0.0056770993946023696,0.5405377794089657,,
0.5799877297009386,0.9937771978820461,,
0.950538583346602,0.6587771423742493,,
0.0027033806640963665,0.6860023270604153,,
0.9728309641255015,0.6803660267027863,,
0.004595747128963823,0.5631457663650195,,
0.6906001502452798,0.7302766706710546,,
0.6435037454285196,0.833544557550153,,
0.8255318186259163,0.8495612720143014,,
0.6201699104338251,0.8192523505721269,,
0.636390111660746,0.7930574978326248,,
0.6310766973832577,0.7775744010476581,,
0.9000905872215228,0.8176615352198537,,
0.6438937905168092,0.8387228357908959,,
0.6293049590767261,0.7762112714245972,,
0.6449594985938152,0.5332786895726752,,
0.009325347468738365,0.7413173019557963,,
0.9372798059741269,0.6515349912283204,,
0.9991235246176067,0.7661135034176619,,
0.834202371031483,0.8460502612102868,,
0.6445031633464585,0.6463708281078097,,
0.06554711243637834,0.7383187953193223,,
0.13409620349123663,0.744077882434149,,
0.6161119816773957,0.9540724400155848,,
0.6461456470783087,0.047343615528945476,,
0.5887449229788649,0.9971900960613059,,
0.0033792258301205136,0.6340931991152661,,
0.6091495800802978,0.9988985341666662,,
0.902298126114935,0.6438988605071831,,
0.9995198181991538,0.7464583244413552,,
0.9623889693970602,0.6683874875324046,,
0.9995948358871981,0.7509479077447113,,
0.6441534681877241,0.6968550220710557,,
0.6198740205020347,0.8228230649402114,,
0.999774946935867,0.7565667570275718,,
0.20417049167317874,0.7529890782121739,,
0.644978023042613,0.21304626988025466,,
0.6588628202130483,0.7443294252414956,,
0.6450297903589824,0.22473343700620113,,
0.6445586896843873,0.8911342432132014,,
0.6443224046249743,0.8898446970035347,,
0.9969668158979559,0.7326314729478932,,
0.6447004607200353,0.8847686066370901,,
0.6142830698858294,0.9941751248584781,,
0.8003311756084458,0.8592018838886073,,
0.6440388625536785,0.8686639897216777,,
0.0010813522656385466,0.752041446853098,,
0.645812040210967,0.09468723105789095,,
0.5008305718086273,0.9450657128641812,,
0.024963985913877385,0.7385812066725991,,
0.5114587092397567,0.9541502218505066,,
0.6447982925125969,0.5707535322736259,,
0.003784732929734913,0.6050895316387501,,
0.5449698483079986,0.9047615155594552,,
0.616514035486235,0.8821858501405995,,
0.26320123062774886,0.7617284533035271,,
0.6441333765774437,0.8781040135829339,,
0.005812268427807243,0.5403890426526758,,
0.5016787123104341,0.9483109787202028,,
0.00405507099614455,0.5925956441104048,,
0.0022010422931086904,0.7449307193322983,,
0.7051859686527213,0.8855092460231242,,
0.0009461832324337838,0.7542724981974455,,
0.799033967049621,0.6698531975984812,,
0.7129838729208013,0.7181753688021808,,
0.6195834776482384,0.8265360155546182,,
0.6448422317556832,0.8730484468345447,,
0.6334116795212928,0.7824786286187246,,
0.5962855949579468,0.9992643634339574,,
0.00516468314975882,0.7429657282940534,,
0.6160373338612374,0.9857332966430442,,
0.6437992764930439,0.8215485006025688,,
0.23869116744917368,0.7579952797419951,,
0.644946388642147,0.23627186737585776,,
0.6634157664624465,0.889263175770653,,
0.0050012542285782224,0.5502056685678044,,
0.6437080634705,0.8168830749147623,,
0.6449334447782271,0.8705745082204396,,
0.6464792539456502,0.0,,
0.6436102484455134,0.7800604659240024,,
0.9960507083381017,0.7294198923803312,,
0.12528261435614546,0.7431214191658473,,
0.6447477177319179,0.8814568337280678,,
0.6988132898116385,0.8864917319702119,,
0.45675996632753757,0.7790629882102305,,
0.615741135370689,0.9895562381980872,,
0.00486608519537346,0.5539240874750501,,
0.6453625137968607,0.42918000988001104,,
0.002162704531277093,0.7175345193938584,,
0.9187257839619473,0.6458125751256028,,
0.5308782589208836,0.9152397267111793,,
0.314509152675524,0.7694608607326939,,
0.5216211282544371,0.960321385915676,,
0.7341982188730573,0.7050321850087526,,
0.6448894887675658,0.8679518328500446,,
0.8391815355444662,0.6540346278942583,,
0.9720301721484546,0.7836864577631591,,
0.6160861212532573,0.9611675902090039,,
0.21537812773292803,0.7545786708804506,,
0.39985425205361813,0.7776649949963288,,
0.6447449724682859,0.5972979283582954,,
0.00243304259768673,0.7068254729409909,,
0.9595584095708848,0.6657628830542197,,
0.10855320368270993,0.7414459161542348,,
0.9879055178044083,0.7747557169641736,,
0.6220575386624482,0.8008150255363761,,
0.9638454543685504,0.7879022246780982,,
0.5374656539114684,0.9097091170555643,,
0.9999699243274198,0.764471618884102,,
0.7867710130753168,0.6757048980744224,,
0.05942682609152772,0.7380746026259931,,
0.7610334845767603,0.8722948352199874,,
0.6456452367772962,0.11835903882236365,,
0.6348768337400452,0.787128000117227,,
0.9977477544246054,0.7356943167591653,,
0.9839029072394673,0.6986694734954567,,
0.5604337173850049,0.7707037179162972,,
0.60869406668282,0.8865893080099514,,
0.9065370772631273,0.6441552709731417,,
0.6439916055417958,0.8630515572533104,,
0.8085962209143975,0.8561370833534618,,
0.5307508669164166,0.7747732349455203,,
0.6441806335893263,0.8819316049758231,,
0.6505905651219781,0.747470771993381,,
0.6828685712870293,0.7340129644480997,,
0.616166635981929,0.9576943834904393,,
0.9106880039536933,0.6445596935648648,,
0.8225035815067174,0.6599259421557686,,
0.6256313519496947,0.7814650501825372,,
0.6182697983653396,0.8863101526367936,,
0.4785760688046705,0.7785810282017623,,
0.6227295246959434,0.7958071404950338,,
0.9752214016635466,0.683730691809792,,
0.9473559256899222,0.6567445863991209,,
0.8550672694635804,0.6494754227646249,,
0.8935561504456723,0.6438300759525584,,
0.7763470538898198,0.8675038649563047,,
0.6440828185643397,0.8659321418656388,,
0.6440728651471149,0.7099404466825175,,
0.6449840027913311,0.855973763805566,,
0.6437553204823827,0.8260651895340851,,
0.6374256989978512,0.7977216775411661,,
0.5548233625569371,0.980607982326963,,
0.644819851040283,0.3232247871066778,,
0.7410779037500308,0.7008482317017869,,
0.6443419572652404,0.6761113594816892,,
0.01185456342660185,0.7406118005491631,,
0.9818645675319264,0.694712759885394,,
0.6248738126682912,0.7841971552827302,,
0.9206232717202316,0.8084422671683944,,
0.5985288142178974,0.9996583123789281,,
0.6338947171828827,0.7838861828719037,,
0.9797382033667592,0.690904058401096,,
0.03331423235100894,0.7380407567842985,,
0.8430080924702548,0.8423905136499819,,
0.644100148143413,0.7162600538538136,,
0.6162930046463639,0.8877478719571896,,
0.4988011354193522,0.9466964852783001,,
0.6453390677045429,0.3959375709892181,,
0.002297873564481967,0.7141135739991925,,
0.9775238147439661,0.687243369042562,,
0.5626890269069622,0.9851142991241498,,
0.6449665215580505,0.269994737947089,,
0.6463958522288148,0.011835903882236348,,
0.5700576628081245,0.7690497387273096,,
0.9998499646239114,0.7595689727680293,,
0.9496027567870624,0.7949153078312328,,
0.6450614247594484,0.20121036599801828,,
0.6072017541685533,0.7609464544084619,,
0.9680688546526113,0.7857483790352469,,
0.0028385496973013513,0.6766319114141564,,
0.6455618350604608,0.1301949427046,,
0.11676828108663673,0.7422440970725427,,
0.0041902400293493125,0.5814403873886678,,
0.9301222705421333,0.648801988409941,,
0.07868545272282651,0.7390446042309723,,
0.6376349787512553,0.8874824514730505,,
0.698196560170325,0.7263916401377198,,
0.0005406761328192733,0.7547187084663148,,
0.00243304259768673,0.7029583172774556,,
0.6450312598032137,0.8490923087455875,,
0.00013516903320487383,0.7510002895590693,,
0.00527159229498797,0.5445536718287912,,
0.0036495638965301502,0.6141624737724295,,
0.02898948119965228,0.7382714111409504,,
0.08570350666442383,0.7395262204492924,,
0.37614578311161584,0.7760646404167394,,
0.5897563203386579,0.8888782283388398,,
0.9651315047656097,0.6711601041363539,,
0.003919901962939787,0.59661153653023,,
0.869044515521532,0.8312408338124888,,
0.643849834506148,0.8426445776972532,,
0.002162704531277093,0.7208067280322347,,
0.5889000465547487,0.7652955700804654,,
0.643589137692552,0.7623412506622622,,
0.6442613542246312,0.6900892046308899,,
0.6925757800037609,0.8873254811610102,,
0.0025682116308916036,0.6947777956815151,,
0.00027033806640974767,0.752041446853098,,
0.6453116299099546,0.1657026543513092,,
0.6442245895999876,0.8800921776575235,,
0.0036495638965301502,0.6189220499737039,,
0.6264102795430753,0.779301890067631,,
0.6162700776784823,0.924554206515488,,
0.0035143948633252764,0.6288874126451223,,
0.5850664081319669,0.8898110020840979,,
0.0016220283984578199,0.7416298739128103,,
0.6135267099911329,0.9954172802326952,,
0.5346974841185576,0.9683152182301519,,
0.6450401016344243,0.5136488476844612,,
0.6436575054573961,0.791324895131383,,
0.6279167690548177,0.8866078671244932,,
0.5042102270745149,0.949801726034644,,
0.6179525091633399,0.8518006804138162,,
0.9910345877666346,0.7150862025471856,,
0.6210896626971626,0.8093936249458029,,
0.6160344004049807,0.9735730495203646,,
0.6435629914336308,0.7682010896914626,,
0.7390768983562086,0.8783657649433372,,
0.6459788436446379,0.0710154232934182,,
0.956639825287083,0.6632862907017987,,
0.6436608064586173,0.8071060132702802,,
0.7922012993356988,0.8621179476674627,,
0.004460578095759171,0.5716237614735393,,
0.615982679556704,0.9835987207310878,,
0.61347302764821,0.8863776215907653,,
0.8797830035095832,0.644836990063852,,
0.6176993958555034,0.8565092847524758,,
0.38806760209921964,0.7769391860846789,,
0.9337450504869433,0.6500944837562487,,
0.644883119841215,0.28093822129158647,,
0.6451207046750334,0.4934240587710875,,
0.6447176894719878,0.5885985330863621,,
0.6395610386079926,0.8087568719141104,,
0.6445114326725048,0.8920662280215867,,
0.9858532224893823,0.7027741992312831,,
0.6026097456381841,1.0,,
0.6526979442783551,0.8889970963204816,,
0.792946502291282,0.6727050417735696,,
0.6439410475286919,0.8464175828473206,,
0.6439883045405744,0.853517382878586,,
0.6297398730363675,0.7763386994608796,,
0.9330013141116167,0.8027557103212393,,
0.004460578095759171,0.5686490263477427,,
0.7056578010621657,0.7223578728480953,,
0.593907206664791,0.9987216777326967,,
0.644906178549504,0.5616079267328231,,
0.7478695641693784,0.6968122905205851,,
0.6039329154691699,0.8869452118943518,,
0.8750159056156348,0.6454686523524783,,
0.623777606831143,0.7893620847804339,,
0.644086119565561,0.8736814751648856,,
0.9852546142496527,0.7763580163824437,,
0.6329339889376973,0.7812133106118678,,
0.3017763194886908,0.7676938945270149,,
0.5532032397012605,0.9004056010236005,,
0.6453091937525497,0.46197134972885356,,
0.6315329996548761,0.7782707740692278,,
0.8498600492815018,0.6508471456820717,,
0.4230220448628009,0.7786704025507589,,
0.6153902825756074,0.9912446038411739,,
0.6260181422073878,0.7803123520019232,,
0.5506746029286805,0.7722089603489947,,
0.6441807511840221,0.7034721027549314,,
0.005136423261783096,0.547082196685718,,
0.9757294068560805,0.7817164608618351,,
0.01781076293907502,0.7394382212608873,,
0.9264114661396974,0.6476575051893974,,
0.6458954419278025,0.0828513271756546,,
0.6442751476130916,0.8878019466861236,,
0.6454703998337679,0.4179520897511507,,
0.6446532037081526,0.8874854325209532,,
0.6451479876713314,0.5036108216059191,,
0.5803943056770156,0.8908879932945704,,
0.0008110141992289099,0.7550161819788946,,
0.0006758451660241471,0.7551649187351843,,
0.992421076549267,0.7718268912399242,,
0.5205862453604775,0.7758322671093483,,
0.6445378406822767,0.8416159066604499,,
0.6452819107562516,0.4511896398688626,,
0.6234228990414155,0.7913682004389787,,
0.6438970915180305,0.8500418512410981,,
0.6207777315313893,0.8125376305749225,,
0.9999249823119558,0.7619762414833279,,
0.5006861365080287,0.9477364802113545,,
0.6327669690271667,0.8869730505661645,,
0.5407803194391511,0.7735654660254023,,
0.746260591396521,0.8764908584585105,,
0.8337102419895093,0.6558503871889976,,
0.6439389420621948,0.7400511149761003,,
0.520122280345901,0.9262659054003853,,
0.999279555805324,0.7439904276552423,,
0.00043442489878731116,0.7472122750705306,,
0.6444758803501605,0.6385638533736152,,
0.6159568191325657,0.9877191357987106,,
0.8606277906259905,0.8348654693875563,,
0.6750018232955739,0.7376005214688547,,
0.6442340712283332,0.6831746504344344,,
0.6452013077156424,0.4726043228325548,,
0.5795464391980392,0.7672470227820326,,
0.5050984367897728,0.9411788984768866,,
0.5246170356408322,0.9621489688459225,,
0.926943334310033,0.8055530265594352,,
0.25079657110567005,0.7598222959352624,,
0.004325409062554186,0.5747472333556256,,
0.9071968981759766,0.8144965214986037,,
0.624137661698865,0.7874982053682109,,
0.499247348062488,0.946929233490403,,
0.0041902400293493125,0.5850100695396236,,
0.8652176364548596,0.6471760133070233,,
0.001486859365253057,0.7435634517445779,,
0.00486608519537346,0.5560064020631076,,
0.6223908581401987,0.798239964892544,,
0.7842065920961567,0.864885274690029,,
0.5619773072273425,0.8966442710872524,,
0.00405507099614455,0.5887284884468692,,
0.6440195451028039,0.7284530579275367,,
0.002973718730506003,0.6717235984565921,,
0.6353759126356179,0.788962263109371,,
0.6448521347593476,0.8454284760811636,,
0.6448716183566525,0.3334245866697262,,
0.6440355615524571,0.8600222358846921,,
0.6187439315548149,0.8385282848757689,,
0.5464170220740923,0.9755067185046166,,
0.0010813522656385466,0.7529338673908369,,
0.6444169186487395,0.8921453565628794,,
0.6192982818724364,0.8303912024153467,,
0.6161924964060673,0.9503017597844404,,
0.6453701876048207,0.385150972356146,,
0.9902943385709464,0.7732453419166673,,
0.9226126372796353,0.646661034094618,,
0.6579892708537982,0.889204504423712,,
0.6440883775720005,0.8376546004834464,,
0.6746742647793575,0.8889343081956654,,
0.64460594669627,0.8896073113796572,,
0.6425207982270835,0.8881360698451505,,
0.005406761328192733,0.5435125145347622,,
0.5700140151241677,0.9890256688961779,,
0.43440318771758457,0.7789500011935393,,
0.0,0.7484717647021422,,
0.6268077639567567,0.7784336643796609,,
0.6384826746469335,0.8029548022349943,,
0.9440852435756166,0.6548600425497566,,
0.6435190354229695,0.7742051461858775,,
0.6439443485299132,0.8568441777597839,,
0.5859610275860943,0.9962012000911756,,
0.6319946490044887,0.7791093833371191,,
0.9998198889513312,0.7608469755038234,,
0.6230735383296824,0.7935165523438454,,
0.5038287169946792,0.9423737072081447,,
0.9998949066393754,0.7629567707065422,,
0.9443310253501314,0.7974368509571381,,
0.7611888116351953,0.6891844445354741,,
0.914041126342213,0.8114234321481172,,
0.5588237792485522,0.9829355091037014,,
0.6412186876345388,0.8185267482801976,,
0.6435974741997337,0.7566256290982762,,
0.28890831726865257,0.7657781915650468,,
0.4677356020827065,0.7788963765841413,,
0.6451448264762838,0.1893744621157819,,
0.0009461832324337838,0.7536775511722861,,
0.9924913714593089,0.7188927301399068,,
0.0033792258301205136,0.6394477223416999,,
,,0.6238624503503336,0.5888908209604506
,,0.6590495846845947,0.5876434990845769
,,0.4135089634376004,0.5756647236830693
,,0.23171719851874548,0.47263383155308303
,,0.32404146568439174,0.5729843694864114
,,0.059535865200632476,0.5987196195018233
,,0.3144085399880781,0.607303605994979
,,0.5047907199490687,0.5888908209604506
,,0.14770847317201974,0.5967165258534579
,,0.3544859917673642,0.4500280617086386
,,0.3275833603088384,0.8119623406652655
,,0.2736230260273253,0.6178169142988351
,,0.452415220236987,0.3311968593788382
,,0.6239953947770793,0.5967165258534579
,,0.35823731902727896,0.1108747609332838
,,0.1125728346313532,0.5666489868397656
,,0.30618444960325264,0.5925599105610853
,,0.29252917040132287,0.8644864033037644
,,0.19914703242252302,0.43113717168891086
,,0.1956178428020781,0.5987196195018233
,,0.24734074871045175,0.6775330214396421
,,0.1264422730528339,0.9522271142873542
,,0.3231946968034333,0.5925599105610853
,,0.2056610656417675,0.4394365036617453
,,0.25777333139572345,0.5058311594444208
,,0.4608789077298297,0.3271855483130804
,,0.1698214387865422,0.7120186579875247
,,0.2551537080027106,0.5925599105610853
,,0.3772138659477134,0.5457728583752848
,,0.7526059442855884,0.5938032080253149
,,0.250399911662535,0.1363721399117087
,,0.5558214615496108,0.5888908209604506
,,0.28917420240307184,0.5925599105610853
,,0.18711271920198766,0.5925599105610853
,,0.15621359677211005,0.5905568169127199
,,0.41123436034807476,0.5704116941382368
,,0.2631101151005759,0.6417033571551579
,,0.16159734840171666,0.5987196195018233
,,0.3857189895478037,0.5519325673160228
,,0.3423872828300313,0.3833439032336895
,,0.8631725510867625,0.5876434990845769
,,0.9147623961711486,0.5946400284956419
,,0.2549253934062232,0.15000935390287967
,,0.16950669683794045,0.5683546667830933
,,0.340204944003614,0.5925599105610853
,,0.15309222480162638,0.5925599105610853
,,0.16159734840171672,0.5987196195018233
,,0.5116610326868862,0.3031176819185337
,,0.35657510123101305,0.5739590437397416
,,0.03402049440036142,0.5925599105610853
,,0.23682346643147034,0.09546049793819616
,,1.0,0.5887592597116796
,,0.36572031480388506,0.5987196195018233
,,0.24767071222610448,0.030798544703689923
,,0.13943694559969655,0.9753611642370481
,,0.097023217752087,0.5200139641536565
,,0.22644055904452767,0.570060346726421
,,0.3178109451738267,0.5967165258534579
,,0.241610318953623,0.5877707625017743
,,0.9227084162873946,0.5938032080253149
,,0.632367573950424,0.5950505299011887
,,0.21580201593020357,0.7491923500086104
,,0.4100967827727732,0.35125341470762717
,,0.3603365631742784,0.5905568169127199
,,0.10443942574469789,0.566405318276433
,,0.2414984288007808,0.9014446569481922
,,0.32631606877391706,0.5905568169127199
,,0.21234705678699398,0.6812201132838348
,,0.45179367862827285,0.17863155928140173
,,0.6408726975505142,0.5888908209604506
,,0.9319590111992773,0.5887592597116796
,,0.2915078301377704,0.5720096952330813
,,0.32280761956154663,0.3545675637704426
,,0.11907173040126495,0.5925599105610853
,,0.46226510194861686,0.5950505299011887
,,0.31804454120159387,0.8460072764815503
,,0.34543502827998773,0.42275363372629693
,,0.19533680958681324,0.6935395311653108
,,0.20514509422565275,0.0
,,0.5370520951654144,0.2910837487212603
,,0.2866037656120408,0.24546985184107567
,,0.33217487457104705,0.573228038049744
,,0.2326267647461775,0.44105780638273906
,,0.1609446004730168,0.7369011623138092
,,0.5761771411707068,0.58053809494972
,,0.3242168246269176,0.08623592517033185
,,0.26678020357328464,0.5967165258534579
,,0.2721639552028911,0.5925599105610853
,,0.22105847139357826,0.737249128580449
,,0.897938516798916,0.6010786775931556
,,0.13104371215244842,0.5446527999166084
,,0.23823123173798996,0.4809331635259175
,,0.17010247200180706,0.5925599105610853
,,0.08851809415199668,0.5138542552129185
,,0.8036366858861302,0.5938032080253149
,,0.3518314395741881,0.5967165258534579
,,0.3169962203515031,0.3953778364309628
,,0.4962855963489783,0.5950505299011887
,,0.13169872851620854,0.9402838928591928
,,0.6760598318847755,0.5876434990845769
,,0.30618444960325253,0.5925599105610853
,,0.2496370119463582,0.4533772242642151
,,0.19850459545170468,0.45153619135157175
,,0.06804098880072285,0.5925599105610853
,,0.1307950955089628,0.4836266798776339
,,0.17010247200180703,0.5925599105610853
,,0.5453500382292666,0.24638835762951944
,,0.08817260797138726,0.565917981149768
,,0.1309318219996062,0.981520873177786
,,0.5192432789641196,0.5788324150063922
,,0.1939069234979064,0.5690856724730909
,,0.283374421251115,0.5717660266697487
,,0.13695518397958326,0.9283406714310315
,,0.5559544059763565,0.5967165258534579
,,0.31590805679773637,0.5727407009230789
,,0.8801827982869432,0.5876434990845769
,,0.36353695525474067,0.4773024896909803
,,0.23235934542307565,0.43549094708854064
,,0.2683665705639506,0.6297601357269965
,,0.12242669839951584,0.987680582118524
,,0.769616191485769,0.5938032080253149
,,0.3047056925867937,0.3000187078057592
,,0.26397635689359966,0.17728378188522137
,,0.5388112143494301,0.5888908209604506
,,1.0,0.5887592597116796
,,0.27515238274662923,0.47185635108642904
,,0.017010247200180684,0.5925599105610853
,,0.3602036187475327,0.5334534404938088
,,0.30853253285866034,0.3993891474967206
,,0.1905795773530809,0.5877707625017743
,,0.16464984548033373,0.46758143561460286
,,0.20758982455326158,0.5877707625017743
,,0.7100803262851367,0.5876434990845769
,,0.5273766878507749,0.5790760835697247
,,0.23310519535353263,0.5939304714425123
,,0.2322979846877821,0.08182328394702543
,,1.0,0.5887592597116796
,,0.5113295438289053,0.22174952186656754
,,0.9914948763999096,0.5949189686524177
,,0.2922955743735557,0.5905568169127199
,,0.37734681037445916,0.5905568169127199
,,0.1480539593526291,0.5569722177980844
,,0.2412648327730136,0.5905568169127199
,,0.40272923674798444,0.5642519851974988
,,0.15644719279987723,0.963041746355572
,,0.4794082935755433,0.5905568169127199
,,0.2721639552028913,0.5925599105610853
,,1.0,0.5887592597116796
,,0.28889316918780705,0.625782732817193
,,0.3409095465362995,0.409116419735126
,,0.24474526495723448,0.4892324954987519
,,0.8461623038865818,0.5876434990845769
,,0.06804098880072285,0.5925599105610853
,,0.1859428209260841,0.7682340538188389
,,0.633111003377294,0.5822437748930477
,,0.20967057596934097,0.013637213991171016
,,0.44538779917518195,0.5905568169127199
,,0.31468957320334284,0.5987196195018233
,,0.2838294642727015,0.5390284873357585
,,0.09355635960099384,0.5987196195018233
,,0.38163888222949355,0.5318513456556638
,,0.2670137996010518,0.8829655301259782
,,0.2976793260031623,0.5987196195018233
,,0.4778062827155152,0.3191629261815648
,,0.5708654090295378,0.2648674844517334
,,0.5355100967374302,0.5793197521330573
,,0.1902340911724715,0.5905568169127199
,,0.24270737681783833,0.5705476838530861
,,0.3006677535469003,0.49033547790864296
,,0.3725879187421171,0.5045769176733221
,,0.4452548547484362,0.5950505299011887
,,0.589974900376718,0.5967165258534579
,,0.2187215394567174,0.040911641973512713
,,0.9829897527998193,0.5887592597116796
,,0.32654966480168424,0.8398475675408124
,,0.22113321360234903,0.5925599105610853
,,0.5984800239768083,0.5905568169127199
,,0.18172896757238113,0.5967165258534579
,,1.0,0.5887592597116796
,,0.6580158891774408,0.5967165258534579
,,0.13954883575253876,0.5508125088573465
,,0.2685018386372879,0.19092099587639222
,,0.2242545855728329,0.5905568169127199
,,0.2755189232011422,0.8768058211852403
,,0.33272194822700796,0.09239563411106988
,,0.42824460754825544,0.5827311120197127
,,0.20412296640216837,0.5925599105610853
,,0.9652340342878463,0.5876434990845769
,,0.13608197760144564,0.5925599105610853
,,0.2746777828872894,0.4154343917597517
,,0.15281119158636147,0.7243380758690007
,,0.2306604650259238,0.018479126822213976
,,0.21868913208025648,0.4560351676074142
,,0.5624431576439427,0.27904981552398694
,,0.1732238439722908,0.5905568169127199
,,0.418560470265616,0.3472421036418693
,,0.2052891050034542,0.7730787928649332
,,0.5218009671492494,0.5888908209604506
,,0.22777250294409387,0.06818606995585452
,,0.2901963302265562,0.061597089407379846
,,0.8206469330863109,0.5938032080253149
,,0.11056660680117456,0.5987196195018233
,,0.17311353297317647,0.46357012454884505
,,0.2775528021246644,0.21819542385873392
,,0.23157138232032765,0.7133626857241263
,,0.4704428256441876,0.577370403626397
,,0.19477619407670482,0.796965235721256
,,0.16919130019631862,0.7484089824171364
,,0.2788794814907,0.6058736928706737
,,0.4947336577012007,0.31114030405004917
,,0.3092311743304819,0.31365592179692997
,,0.19897281080032903,0.932243201651882
,,1.0,0.5887592597116796
,,0.21830715015787233,0.5698166781630886
,,0.15655908295271947,0.5631319267388224
,,0.08847665804474902,0.5036832352064228
,,0.41777318422791143,0.15399272351844978
,,0.302843261138933,0.8095275473308193
,,0.30006884536581757,0.4034004585624783
,,0.496418540775724,0.5905568169127199
,,0.14794206919978692,0.96920145529631
,,0.3922578134276404,0.1355135966962357
,,0.42837755197500127,0.5905568169127199
,,0.5028244202288149,0.21558981292582952
,,0.5368449146291764,0.24022864868878147
,,0.5303060907493398,0.5950505299011887
,,0.29160515787297486,0.40741176962823616
,,0.44395153274414423,0.335208170444596
,,0.3891087367776344,0.5749337179930717
,,0.3193366605855366,0.8111507428871167
,,0.34973219542718864,0.10471505199254583
,,0.454176007870877,0.576883066499732
,,0.12233140801612,0.48763799094339166
,,0.20696828294454742,0.44752488028581394
,,0.39316940778708775,0.3592760368391427
,,0.3254599078443458,0.391366525365205
,,0.1819625636001483,0.9445626195333581
,,0.4879134171756337,0.5967165258534579
,,0.693070079084956,0.5876434990845769
,,0.13920334957192937,0.5905568169127199
,,0.5814697767766276,0.5905568169127199
,,0.17764010572459576,0.5685983353464259
,,0.19010114674572576,0.4102592616790492
,,0.9149487639990967,0.5887592597116796
,,0.5539794701510998,0.28306112658974475
,,0.7355956970854077,0.5938032080253149
,,0.35901147351105245,0.4636652756998095
,,0.09694034553759179,0.49967192414066497
,,0.4053755545509451,0.5754210551197367
,,0.15272455036970733,0.8925110071465472
,,0.3091728771469906,0.496495186849381
,,0.23457396793118301,0.5703040152897536
,,0.10540403303043447,0.4956606130749072
,,0.3318585830489231,0.3818419917527843
,,0.1139215747994255,0.993840291059262
,,0.6845649554848658,0.5938032080253149
,,0.6412444122639493,0.5824874434563801
,,0.30988559714967945,0.5722258152270963
,,0.9399982152294974,0.5911417637901094
,,0.1275768540013553,0.5987196195018233
,,0.11386772052327729,0.49164930200914947
,,0.20711139394590647,0.4225786795605252
,,0.9574743819995484,0.5949189686524177
,,1.0,0.5887592597116796
,,0.4262783078280018,0.16015243245918775
,,0.2501154425537133,0.5939304714425123
,,0.17900682768658077,0.8327949000057402
,,1.0,0.5887592597116796
,,0.46029880222836317,0.1847912682221397
,,0.20003264954007952,0.7850220142930946
,,0.05103074160054211,0.5925599105610853
,,1.0,0.5887592597116796
,,0.2730273203809761,0.20455820986756307
,,0.11907173040126495,0.5925599105610853
,,0.24928672040876115,0.4274683249570251
,,0.29565472909941726,0.2727442798234173
,,0.35232345947874383,0.8143971339997117
,,0.553855161829357,0.2525480665702574
,,0.3487100676037044,0.5987196195018233
,,0.10206148320108421,0.5925599105610853
,,0.12219310237174863,0.5905568169127199
,,0.3912356856041561,0.5925599105610853
,,0.2551537080027104,0.5925599105610853
,,0.05103074160054211,0.5925599105610853
,,0.3363840647926113,0.3954792057439552
,,0.29112924735572904,0.25910706583224646
,,0.27318608302637554,0.0492776715259039
,,0.2698564622457258,0.8062811562182244
,,0.15618615798749097,0.4715927466803606
,,0.08505123600090353,0.5925599105610853
,,0.11592936212608451,0.9761135571436772
,,0.5474492823762662,0.5905568169127199
,,0.144587101201536,0.5987196195018233
,,0.4432885550281825,0.1724718503406637
,,0.6500276133309275,0.5921800124690174
,,0.7185854498852271,0.5938032080253149
,,0.2840240468012325,0.8706461122445024
,,0.08505123600090353,0.5925599105610853
,,0.38273056200406574,0.5987196195018233
,,1.0,0.5887592597116796
,,0.4368826755750916,0.5967165258534579
,,0.04252561800045179,0.5987196195018233
,,0.37284191900432373,0.5744463808664066
,,0.5983470795500625,0.5950505299011887
,,0.025515370800271053,0.5987196195018233
,,0.26160976252242396,0.8054695584400756
,,0.21262809000225885,0.5987196195018233
,,0.3942241131478941,0.5580922762567608
,,0.1926329992032785,0.42283783971607647
,,0.8971930454871238,0.5876434990845769
,,0.6410056419772601,0.5967165258534579
,,0.3358300600321402,0.8127739384434143
,,0.2708013978342125,0.5224298233900897
,,0.5843105500573621,0.5807817635130524
,,0.10552834135217734,0.5261736730943944
,,0.4948430523041536,0.5781014093163946
,,0.4877804727488879,0.5888908209604506
,,0.6582743130542292,0.5913684146908686
,,0.22448818160060008,0.9137640748296683
,,1.0,0.5887592597116796
,,0.18157722046601923,0.45955881348308725
,,0.615490271176989,0.5905568169127199
,,0.1649523163999676,0.9568820374148341
,,0.144587101201536,0.5987196195018233
,,0.45375997834852655,0.5888908209604506
,,0.3110899608622348,0.8103391451089681
,,0.35085097032287405,0.37933259216793164
,,0.5924439589440174,0.581025432076385
,,0.28169120662646585,0.05543738046664193
,,0.2408230329159184,0.4314796360227829
,,0.9489692583994578,0.5887592597116796
,,0.9142032926873043,0.5876434990845769
,,0.8291520566864012,0.5876434990845769
,,0.14510647017797448,0.5676236610930957
,,0.3093058215737364,0.5905568169127199
,,0.08001297055190629,0.5076945462721805
,,0.3261831243471713,0.5088146047308569
,,0.3435599120018649,0.8275281496593364
,,0.48626997020835794,0.315151615115807
,,0.5389441587761759,0.5967165258534579
,,0.5219339115759951,0.5967165258534579
,,0.30777464791108106,0.5724970323597464
,,0.16323746129645672,0.8686245642902244
,,0.15309222480162632,0.5925599105610853
,,0.5623602854294474,0.25870777551099544
,,0.2921626299468099,0.484175768967905
,,0.8546674274866721,0.5938032080253149
,,0.5455157826582571,0.2870724376555025
,,0.2945965614156312,0.8087159495526706
,,0.3593146578157168,0.37532128110217383
,,0.42977578121091103,0.5761520608097344
,,0.46239804637536264,0.5905568169127199
,,0.22631492685695295,0.7253059071522877
,,0.2508407857044937,0.5707913524164187
,,0.22215534142583349,0.012319417881476058
,,0.2029012698360243,0.7837767232846233
,,0.9397186634875754,0.5938032080253149
,,0.2752410123644597,0.5715223581064163
,,0.4016330952799305,0.3552647257733849
,,0.3072065774267369,0.0739165072888559
,,0.4197394839481651,0.5765714030789747
,,0.3809753278909791,0.5746900494297391
,,0.40926806062782106,0.1478330145777118
,,0.7015752026850465,0.5938032080253149
,,0.2381434608025297,0.5925599105610853
,,0.2105455604668289,0.7611355714367718
,,0.34996051002367595,0.4363908477174678
,,0.25775040790160386,0.42345701389126733
,,1.0,0.5887592597116796
,,0.3943570575746398,0.5905568169127199
,,0.9568220946017301,0.5970225325740717
,,0.2582750799731943,0.5905568169127199
,,0.9056981690872139,0.5938032080253149
,,0.25336306279912213,0.804657960661927
,,0.314689573203343,0.5987196195018233
,,0.3316998204035237,0.5987196195018233
,,0.2420842932470771,0.6894762428678035
,,0.38375268982755,0.12935388775549772
,,0.10518285517156797,0.5782373990312439
,,0.9482237870876655,0.5876434990845769
,,0.4379091900975664,0.5763957293730669
,,0.5304390351760855,0.5905568169127199
,,0.502976461190809,0.5783450778797271
,,0.26712568975389406,0.5939304714425123
,,0.290343497491946,0.5473278193085929
,,0.344076759755442,0.8135855362215629
,,0.4007629370277307,0.14167330563697367
,,0.21598305800050974,0.9199237837704062
,,0.4270241577584587,0.34323079257611155
,,0.6505444610845044,0.5938032080253149
,,0.1868316859867229,0.6996992401060488
,,0.18207445375299053,0.5816110535610363
,,0.39068984571687,0.5591257736380055
,,0.7781213150858592,0.5876434990845769
,,0.4367497311483458,0.5888908209604506
,,0.11067290666270982,0.9880567785718386
,,0.528339791029086,0.2340689397480435
,,0.7270905734853175,0.5876434990845769
,,0.931213539887485,0.5876434990845769
,,0.4347834314280921,0.16631214139992573
,,0.2548726747874457,0.6504215685801449
,,0.212175098861012,0.44773583563457975
,,0.157981005833082,0.8805677857183858
,,0.2141960577130292,0.02727442798234181
,,0.13608197760144564,0.5925599105610853
,,0.14221163944295795,0.91639745000287
,,0.4216423723242557,0.5759083922464018
,,0.30337156393043496,0.5639264832542618
,,0.11056660680117456,0.5987196195018233
,,0.3762420328014023,0.3672986589706583
,,0.2211332136023492,0.5925599105610853
,,0.19561784280207803,0.5987196195018233
,,0.46230941675753234,0.5771267350630644
,,0.17345744000005797,0.9507223284740961
,,0.21990115485321216,0.795021287456771
,,0.10206148320108421,0.5925599105610853
,,0.6675547082846851,0.5938032080253149
,,0.04252561800045179,0.5987196195018233
,,0.21017374127121702,0.569573009599756
,,0.11368797877165832,0.584397107971982
,,0.9064436403990064,0.5949189686524177
,,0.5049236643758144,0.5967165258534579
,,0.5599103233973961,0.5800507578230548
,,0.17309089954554505,0.3979398437975733
,,0.2806690788029816,0.5987196195018233
,,0.34332631597409774,0.5905568169127199
,,0.5436435056240855,0.5795634206963898
,,0.5473163379495205,0.5950505299011887
,,0.9315862755433812,0.6005207972796043
,,0.23682783778370237,0.7014194642959649
,,0.2662140953944466,0.4194457028255095
,,0.3350547884017746,0.8336878586000744
,,0.0966777315714776,0.572077690090506
,,0.30953941760150355,0.8521669854222884
,,0.275285327173375,0.5905568169127199
,,0.3605701592020456,0.8152087317778605
,,0.2636588316028008,0.5987196195018233
,,0.22412164114608715,0.4348980974420011
,,0.3157117010268273,0.08007621622959382
,,0.3952153274605582,0.5727629876291764
,,0.36470851011766836,0.5742027123030741
,,0.1613732879512851,0.5681109982197607
,,0.21543197043739018,0.44351356922005625
,,0.6665210127775312,0.5905568169127199
,,0.5134287879759047,0.5905568169127199
,,0.26664725914653886,0.46569664214569106
,,0.2671076034778044,0.5712786895430837
,,0.2586205661538037,0.5877707625017743
,,0.44604259898422166,0.5766393979363994
,,0.26337779838753606,0.644261859639407
,,0.27563081335398437,0.5877707625017743
,,0.17375037222320608,0.8447381214339016
,,0.5285884076725718,0.2950950597870181
,,0.1474680949063326,0.9044542285747086
,,0.1986062703458161,0.41641897061978717
,,0.12070624351800857,0.5668926554030982
,,0.6417809136076256,0.5929916102471662
,,0.21365021782574312,0.006159708940738029
,,0.34122707182709827,0.09855534305180785
,,1.0,0.5887592597116796
,,0.28917420240307196,0.5925599105610853
,,0.11403346495226771,0.5323333820351325
,,0.00850512360009037,0.5987196195018233
